0,1,2,3,4,q_id,web_list
1567,1607,496,114,1808,1,"[1567, 1607, 496, 114, 1808]"
368,599,597,1263,1906,2,"[368, 599, 597, 1263, 1906]"
1175,386,1516,1165,1166,3,"[1175, 386, 1516, 1165, 1166]"
1043,1620,659,1461,478,4,"[1043, 1620, 659, 1461, 478]"
1520,1621,1556,1538,1564,5,"[1520, 1621, 1556, 1538, 1564]"
349,1042,261,1045,1680,6,"[349, 1042, 261, 1045, 1680]"
1906,1916,1528,865,1662,7,"[1906, 1916, 1528, 865, 1662]"
282,511,1809,1858,1867,8,"[282, 511, 1809, 1858, 1867]"
1618,1193,886,1909,1340,9,"[1618, 1193, 886, 1909, 1340]"
1884,786,1306,1924,455,10,"[1884, 786, 1306, 1924, 455]"
1068,98,96,1202,410,11,"[1068, 98, 96, 1202, 410]"
1611,1192,1617,926,109,12,"[1611, 1192, 1617, 926, 109]"
1587,1884,128,1627,1886,13,"[1587, 1884, 128, 1627, 1886]"
372,1567,752,762,759,14,"[372, 1567, 752, 762, 759]"
1904,18,1607,1316,1587,15,"[1904, 18, 1607, 1316, 1587]"
1129,1046,347,1135,1060,16,"[1129, 1046, 347, 1135, 1060]"
768,1191,739,368,1738,17,"[768, 1191, 739, 368, 1738]"
1607,1904,496,18,1517,18,"[1607, 1904, 496, 18, 1517]"
1900,1767,1543,360,1125,19,"[1900, 1767, 1543, 360, 1125]"
1676,438,287,97,1041,20,"[1676, 438, 287, 97, 1041]"
1884,18,1561,823,412,21,"[1884, 18, 1561, 823, 412]"
1555,891,123,349,1768,22,"[1555, 891, 123, 349, 1768]"
162,511,1809,1858,1867,23,"[162, 511, 1809, 1858, 1867]"
1541,793,1313,1553,1201,24,"[1541, 793, 1313, 1553, 1201]"
114,1044,412,1042,359,25,"[114, 1044, 412, 1042, 359]"
862,368,455,1697,1113,26,"[862, 368, 455, 1697, 1113]"
1615,1586,1556,1538,1608,27,"[1615, 1586, 1556, 1538, 1608]"
1768,1775,1769,106,1900,28,"[1768, 1775, 1769, 106, 1900]"
1618,1516,89,1775,1768,29,"[1618, 1516, 89, 1775, 1768]"
1884,819,1618,1775,1768,30,"[1884, 819, 1618, 1775, 1768]"
1618,409,347,374,1046,31,"[1618, 409, 347, 374, 1046]"
1516,1525,878,1768,1775,32,"[1516, 1525, 878, 1768, 1775]"
1884,786,1306,1640,1924,33,"[1884, 786, 1306, 1640, 1924]"
1677,1567,522,521,1499,34,"[1677, 1567, 522, 521, 1499]"
511,1809,1858,1867,1859,35,"[511, 1809, 1858, 1867, 1859]"
526,558,1063,927,1615,36,"[526, 558, 1063, 927, 1615]"
608,848,1725,740,825,37,"[608, 848, 1725, 740, 825]"
1607,768,1608,739,745,38,"[1607, 768, 1608, 739, 745]"
878,478,1924,1894,1915,39,"[878, 478, 1924, 1894, 1915]"
349,1646,1932,1191,692,40,"[349, 1646, 1932, 1191, 692]"
1524,1525,1559,453,1197,41,"[1524, 1525, 1559, 453, 1197]"
1191,372,900,614,1544,42,"[1191, 372, 900, 614, 1544]"
1359,481,1766,1858,1867,43,"[1359, 481, 1766, 1858, 1867]"
1630,436,1648,1053,79,44,"[1630, 436, 1648, 1053, 79]"
1590,1006,1599,273,927,45,"[1590, 1006, 1599, 273, 927]"
1068,1911,211,1067,607,46,"[1068, 1911, 211, 1067, 607]"
1627,1905,1907,1527,1899,47,"[1627, 1905, 1907, 1527, 1899]"
1906,1528,900,455,1914,48,"[1906, 1528, 900, 455, 1914]"
110,543,1919,1062,1587,49,"[110, 543, 1919, 1062, 1587]"
162,165,925,919,599,50,"[162, 165, 925, 919, 599]"
511,1809,1858,1867,1859,51,"[511, 1809, 1858, 1867, 1859]"
1900,1543,1917,349,1677,52,"[1900, 1543, 1917, 349, 1677]"
1567,1607,496,114,1808,53,"[1567, 1607, 496, 114, 1808]"
107,1531,1699,1697,1926,54,"[107, 1531, 1699, 1697, 1926]"
511,1809,1858,1867,1859,55,"[511, 1809, 1858, 1867, 1859]"
1587,1904,1627,1905,1527,56,"[1587, 1904, 1627, 1905, 1527]"
511,1809,455,1858,1867,57,"[511, 1809, 455, 1858, 1867]"
1930,1697,1696,706,120,58,"[1930, 1697, 1696, 706, 120]"
1121,1886,1113,1068,7,59,"[1121, 1886, 1113, 1068, 7]"
1936,1127,1926,439,1272,60,"[1936, 1127, 1926, 439, 1272]"
511,1809,1858,1867,1859,61,"[511, 1809, 1858, 1867, 1859]"
1924,478,1765,1777,1763,62,"[1924, 478, 1765, 1777, 1763]"
1071,868,1197,1748,1555,63,"[1071, 868, 1197, 1748, 1555]"
1567,1618,1532,1545,1528,64,"[1567, 1618, 1532, 1545, 1528]"
1567,995,1466,534,259,65,"[1567, 995, 1466, 534, 259]"
1765,1777,1763,1766,1802,66,"[1765, 1777, 1763, 1766, 1802]"
1626,739,1030,1916,1024,67,"[1626, 739, 1030, 1916, 1024]"
637,651,666,654,663,68,"[637, 651, 666, 654, 663]"
1580,1584,1915,286,736,69,"[1580, 1584, 1915, 286, 736]"
1608,1567,1894,1884,1896,70,"[1608, 1567, 1894, 1884, 1896]"
1534,1676,1771,409,866,71,"[1534, 1676, 1771, 409, 866]"
1700,1904,1232,1315,96,72,"[1700, 1904, 1232, 1315, 96]"
1855,1846,237,1002,1003,73,"[1855, 1846, 237, 1002, 1003]"
530,1914,1574,602,1612,74,"[530, 1914, 1574, 602, 1612]"
1587,1627,1904,43,1886,75,"[1587, 1627, 1904, 43, 1886]"
1618,1193,505,886,1598,76,"[1618, 1193, 505, 886, 1598]"
823,347,1584,286,1917,77,"[823, 347, 1584, 286, 1917]"
116,1884,692,1662,1028,78,"[116, 1884, 692, 1662, 1028]"
1914,1612,602,823,1574,79,"[1914, 1612, 602, 823, 1574]"
114,1307,903,599,438,80,"[114, 1307, 903, 599, 438]"
1926,1177,1608,1931,445,81,"[1926, 1177, 1608, 1931, 445]"
1915,1249,1417,598,1498,82,"[1915, 1249, 1417, 598, 1498]"
1697,862,368,1675,1696,83,"[1697, 862, 368, 1675, 1696]"
368,862,900,1581,467,84,"[368, 862, 900, 1581, 467]"
570,1620,531,1043,1508,85,"[570, 1620, 531, 1043, 1508]"
1615,1586,1556,1538,1608,86,"[1615, 1586, 1556, 1538, 1608]"
1742,1564,1489,1534,1554,87,"[1742, 1564, 1489, 1534, 1554]"
1567,1608,1618,1607,372,88,"[1567, 1608, 1618, 1607, 372]"
1900,1543,1581,1916,900,89,"[1900, 1543, 1581, 1916, 900]"
1449,1676,884,1675,692,90,"[1449, 1676, 884, 1675, 692]"
1556,1713,1538,321,1586,91,"[1556, 1713, 1538, 321, 1586]"
1567,114,16,372,1611,92,"[1567, 114, 16, 372, 1611]"
677,1932,1891,1334,788,93,"[677, 1932, 1891, 1334, 788]"
16,116,60,1724,1040,94,"[16, 116, 60, 1724, 1040]"
1618,1207,1646,37,1567,95,"[1618, 1207, 1646, 37, 1567]"
1894,123,852,886,1749,96,"[1894, 123, 852, 886, 1749]"
1863,1290,90,398,1861,97,"[1863, 1290, 90, 398, 1861]"
1916,368,1072,326,219,98,"[1916, 368, 1072, 326, 219]"
745,704,1734,846,706,99,"[745, 704, 1734, 846, 706]"
1567,114,321,1615,1071,100,"[1567, 114, 321, 1615, 1071]"
